,name,link
0,"Eagerton, Robert Pierce",https://web.archive.org/web/20121007172912/http://www.nga.gov/cgi-bin/tsearch?artistid=4010
1,"Eaker, Alan",https://web.archive.org/web/20121007172912/http://www.nga.gov/cgi-bin/tsearch?artistid=17577
2,"Eakins, Thomas",https://web.archive.org/web/20121007172912/http://www.nga.gov/cgi-bin/tsearch?artistid=1260
3,"Earl, Florence",https://web.archive.org/web/20121007172912/http://www.nga.gov/cgi-bin/tsearch?artistid=7472
4,"Earl, Ralph",https://web.archive.org/web/20121007172912/http://www.nga.gov/cgi-bin/tsearch?artistid=1261
5,"Earl, Ralph Eleaser Whiteside",https://web.archive.org/web/20121007172912/http://www.nga.gov/cgi-bin/tsearch?artistid=1262
6,"Earle, Edwin",https://web.archive.org/web/20121007172912/http://www.nga.gov/cgi-bin/tsearch?artistid=33384
7,"Earlom, Richard",https://web.archive.org/web/20121007172912/http://www.nga.gov/cgi-bin/tsearch?artistid=4011
8,"Easling, J.C.",https://web.archive.org/web/20121007172912/http://www.nga.gov/cgi-bin/tsearch?artistid=4012
9,"Eastman, Emily",https://web.archive.org/web/20121007172912/http://www.nga.gov/cgi-bin/tsearch?artistid=5718
10,"Easton, Linwood",https://web.archive.org/web/20121007172912/http://www.nga.gov/cgi-bin/tsearch?artistid=4013
11,"Eaton, Charles Warren",https://web.archive.org/web/20121007172912/http://www.nga.gov/cgi-bin/tsearch?artistid=25867
12,"Eaton, R.",https://web.archive.org/web/20121007172912/http://www.nga.gov/cgi-bin/tsearch?artistid=34531
13,"Ebdon, Christopher",https://web.archive.org/web/20121007172912/http://www.nga.gov/cgi-bin/tsearch?artistid=22288
14,"Ebell, Paul Heinrich",https://web.archive.org/web/20121007172912/http://www.nga.gov/cgi-bin/tsearch?artistid=26431
15,"Eberbach, Walter",https://web.archive.org/web/20121007172912/http://www.nga.gov/cgi-bin/tsearch?artistid=28014
16,"Eby, Harold Kerr",https://web.archive.org/web/20121007172912/http://www.nga.gov/cgi-bin/tsearch?artistid=2486
17,"Eby, Kerr",https://web.archive.org/web/20121007172912/http://www.nga.gov/cgi-bin/tsearch?artistid=2486
18,"Eckart, Johann Georg",https://web.archive.org/web/20121007172912/http://www.nga.gov/cgi-bin/tsearch?artistid=4014
19,"Eckenbrecher, Karl Paul Themistocles von",https://web.archive.org/web/20121007172912/http://www.nga.gov/cgi-bin/tsearch?artistid=2487
20,"Eckenbrecher, Themistocles von",https://web.archive.org/web/20121007172912/http://www.nga.gov/cgi-bin/tsearch?artistid=2487
21,"Eckersberg, Christoffer Wilhelm",https://web.archive.org/web/20121007172912/http://www.nga.gov/cgi-bin/tsearch?artistid=13623
22,"Eckford, Jessie Jo",https://web.archive.org/web/20121007172912/http://www.nga.gov/cgi-bin/tsearch?artistid=33385
23,"Eckman, Edouard",https://web.archive.org/web/20121007172912/http://www.nga.gov/cgi-bin/tsearch?artistid=5643
24,"Ecman, Edouard",https://web.archive.org/web/20121007172912/http://www.nga.gov/cgi-bin/tsearch?artistid=5643
25,"Eddins, Homer",https://web.archive.org/web/20121007172912/http://www.nga.gov/cgi-bin/tsearch?artistid=33386
26,"Eddleman, Brian",https://web.archive.org/web/20121007172912/http://www.nga.gov/cgi-bin/tsearch?artistid=17579
27,"Edelfelt, Albert",https://web.archive.org/web/20121007172912/http://www.nga.gov/cgi-bin/tsearch?artistid=4015
28,"Edelfelt, Albert Gustaf Aristides",https://web.archive.org/web/20121007172912/http://www.nga.gov/cgi-bin/tsearch?artistid=4015
29,"Edelinck, Gerard",https://web.archive.org/web/20121010194648/http://www.nga.gov/cgi-bin/tsearch?artistid=4016
30,"Edgerton, Harold",https://web.archive.org/web/20121010194648/http://www.nga.gov/cgi-bin/tsearch?artistid=16506
31,Edition Staeck,https://web.archive.org/web/20121010194648/http://www.nga.gov/cgi-bin/tsearch?artistid=23620
32,"Edmiston, T. M.",https://web.archive.org/web/20121010194648/http://www.nga.gov/cgi-bin/tsearch?artistid=31241
33,"Edmonds, Francis William",https://web.archive.org/web/20121010194648/http://www.nga.gov/cgi-bin/tsearch?artistid=1263
34,"Edmondson, Leonard",https://web.archive.org/web/20121010194648/http://www.nga.gov/cgi-bin/tsearch?artistid=4017
35,"Edridge, Henry",https://web.archive.org/web/20121010194648/http://www.nga.gov/cgi-bin/tsearch?artistid=2488
36,"Edschmid, Kasimir",https://web.archive.org/web/20121010194648/http://www.nga.gov/cgi-bin/tsearch?artistid=7106
37,"Edwards, Cecily",https://web.archive.org/web/20121010194648/http://www.nga.gov/cgi-bin/tsearch?artistid=7473
38,"Edwards, Cicely",https://web.archive.org/web/20121010194648/http://www.nga.gov/cgi-bin/tsearch?artistid=7473
39,"Edwards, Edwin",https://web.archive.org/web/20121010194648/http://www.nga.gov/cgi-bin/tsearch?artistid=4019
40,"Edwards, George",https://web.archive.org/web/20121010194648/http://www.nga.gov/cgi-bin/tsearch?artistid=4020
41,"Edwards, George Henry",https://web.archive.org/web/20121010194648/http://www.nga.gov/cgi-bin/tsearch?artistid=29853
42,"Edwards, Mel",https://web.archive.org/web/20121010194648/http://www.nga.gov/cgi-bin/tsearch?artistid=27212
43,"Edwards, Melvin",https://web.archive.org/web/20121010194648/http://www.nga.gov/cgi-bin/tsearch?artistid=27212
44,"Edwards, Samuel Arlent",https://web.archive.org/web/20121010194648/http://www.nga.gov/cgi-bin/tsearch?artistid=5575
45,"Edwards, William Camden",https://web.archive.org/web/20121010194648/http://www.nga.gov/cgi-bin/tsearch?artistid=6109
46,"Edwards, William H.",https://web.archive.org/web/20121010194648/http://www.nga.gov/cgi-bin/tsearch?artistid=7474
47,"Edzard, Dietz",https://web.archive.org/web/20121010194648/http://www.nga.gov/cgi-bin/tsearch?artistid=1264
48,"Eeckhout, Gerbrand van den",https://web.archive.org/web/20121010194648/http://www.nga.gov/cgi-bin/tsearch?artistid=5995
49,"Eertvelt, Andries van",https://web.archive.org/web/20121010194648/http://www.nga.gov/cgi-bin/tsearch?artistid=25148
50,"Eggers, George William",https://web.archive.org/web/20121010194648/http://www.nga.gov/cgi-bin/tsearch?artistid=33387
51,"Eggers, Otto R.",https://web.archive.org/web/20121010194648/http://www.nga.gov/cgi-bin/tsearch?artistid=6137
52,"Eggers and Higgins, Architects",https://web.archive.org/web/20121010194648/http://www.nga.gov/cgi-bin/tsearch?artistid=6139
53,"Eggleston, William",https://web.archive.org/web/20121010194648/http://www.nga.gov/cgi-bin/tsearch?artistid=16507
54,"Egidio Signorelli, Luca di",https://web.archive.org/web/20121010194648/http://www.nga.gov/cgi-bin/tsearch?artistid=1874
55,"Eglau, Otto",https://web.archive.org/web/20121010194648/http://www.nga.gov/cgi-bin/tsearch?artistid=4021
56,"Egleson, James Downey",https://web.archive.org/web/20121010194648/http://www.nga.gov/cgi-bin/tsearch?artistid=33388
57,"Egmont, Justus van",https://web.archive.org/web/20121010194648/http://www.nga.gov/cgi-bin/tsearch?artistid=3289
58,"Egnal, Stuart",https://web.archive.org/web/20121010194737/http://www.nga.gov/cgi-bin/tsearch?artistid=4022
59,Egyptian 2nd Century,https://web.archive.org/web/20121010194737/http://www.nga.gov/cgi-bin/tsearch?artistid=5555
60,Egyptian Ptolemaic Period,https://web.archive.org/web/20121010194737/http://www.nga.gov/cgi-bin/tsearch?artistid=2093
61,"Ehinger, Gabriel",https://web.archive.org/web/20121010194737/http://www.nga.gov/cgi-bin/tsearch?artistid=23704
62,"Ehninger, John Whetten",https://web.archive.org/web/20121010194737/http://www.nga.gov/cgi-bin/tsearch?artistid=5734
63,"Ehrenberg, Peter Schubert von",https://web.archive.org/web/20121010194737/http://www.nga.gov/cgi-bin/tsearch?artistid=37177
64,"Ehret, Georg",https://web.archive.org/web/20121010194737/http://www.nga.gov/cgi-bin/tsearch?artistid=6871
65,"Ehret, Georg Dionysius",https://web.archive.org/web/20121010194737/http://www.nga.gov/cgi-bin/tsearch?artistid=6871
66,"Ehrlich, Georg",https://web.archive.org/web/20121010194737/http://www.nga.gov/cgi-bin/tsearch?artistid=31505
67,"Ehrmann, Catherine Estelle",https://web.archive.org/web/20121010194737/http://www.nga.gov/cgi-bin/tsearch?artistid=33389
68,"Ehrmann, Francois Emile",https://web.archive.org/web/20121010194737/http://www.nga.gov/cgi-bin/tsearch?artistid=6791
69,"Eichel, Emanuel",https://web.archive.org/web/20121010194737/http://www.nga.gov/cgi-bin/tsearch?artistid=22049
70,"Eichelberger, Robert A.",https://web.archive.org/web/20121010194737/http://www.nga.gov/cgi-bin/tsearch?artistid=34166
71,"Eichenberg, Fritz",https://web.archive.org/web/20121010194737/http://www.nga.gov/cgi-bin/tsearch?artistid=4023
72,"Eichenfeld, Daniel",https://web.archive.org/web/20121010194737/http://www.nga.gov/cgi-bin/tsearch?artistid=33390
73,"Eichholtz, Jacob",https://web.archive.org/web/20121010194737/http://www.nga.gov/cgi-bin/tsearch?artistid=1265
74,"Eichler, Gottfried the Younger",https://web.archive.org/web/20121010194737/http://www.nga.gov/cgi-bin/tsearch?artistid=22036
75,"Eickemeyer, Rudolf",https://web.archive.org/web/20121010194737/http://www.nga.gov/cgi-bin/tsearch?artistid=23295
76,"Eilshemius, Louis Michel",https://web.archive.org/web/20121010194737/http://www.nga.gov/cgi-bin/tsearch?artistid=2489
77,"Eiseman, Frank",https://web.archive.org/web/20121010194737/http://www.nga.gov/cgi-bin/tsearch?artistid=7475
78,"Eisemann, Georg",https://web.archive.org/web/20121010194737/http://www.nga.gov/cgi-bin/tsearch?artistid=4025
79,"Eisen, Charles",https://web.archive.org/web/20121010194737/http://www.nga.gov/cgi-bin/tsearch?artistid=2490
80,"Eisen, Charles-Dominique-Joseph",https://web.archive.org/web/20121010194737/http://www.nga.gov/cgi-bin/tsearch?artistid=2490
81,"Eisenhauer, Lette",https://web.archive.org/web/20121010194737/http://www.nga.gov/cgi-bin/tsearch?artistid=4026
82,"Eisenlohr, Edward G.",https://web.archive.org/web/20121010194737/http://www.nga.gov/cgi-bin/tsearch?artistid=33391
83,"Eisenmann, Georg",https://web.archive.org/web/20121010194737/http://www.nga.gov/cgi-bin/tsearch?artistid=4025
84,"Eisman, Harry",https://web.archive.org/web/20121010194737/http://www.nga.gov/cgi-bin/tsearch?artistid=7476
85,"Eisner, Anne",https://web.archive.org/web/20121010194737/http://www.nga.gov/cgi-bin/tsearch?artistid=34921
86,El Greco,https://web.archive.org/web/20121010194737/http://www.nga.gov/cgi-bin/tsearch?artistid=1356
87,"El Hanani, Jacob",https://web.archive.org/web/20121010194742/http://www.nga.gov/cgi-bin/tsearch?artistid=6340
88,"Elandt, Hendrick",https://web.archive.org/web/20121010194742/http://www.nga.gov/cgi-bin/tsearch?artistid=6009
89,"Eldred, Lemuel D.",https://web.archive.org/web/20121010194742/http://www.nga.gov/cgi-bin/tsearch?artistid=33392
90,"Eldred, Thomas Brownell",https://web.archive.org/web/20121010194742/http://www.nga.gov/cgi-bin/tsearch?artistid=34230
91,"Elenbaas, Valdemar Hansen",https://web.archive.org/web/20121010194742/http://www.nga.gov/cgi-bin/tsearch?artistid=4027
92,"El-Hanani, Jacob",https://web.archive.org/web/20121010194742/http://www.nga.gov/cgi-bin/tsearch?artistid=6340
93,"Elia da Genova, Battista d'",https://web.archive.org/web/20121010194742/http://www.nga.gov/cgi-bin/tsearch?artistid=2016
94,"Elias, Julius",https://web.archive.org/web/20121010194742/http://www.nga.gov/cgi-bin/tsearch?artistid=6999
95,"Eliasson, Olafur",https://web.archive.org/web/20121010194742/http://www.nga.gov/cgi-bin/tsearch?artistid=34783
96,"Eliod, Thomas J.",https://web.archive.org/web/20121010194742/http://www.nga.gov/cgi-bin/tsearch?artistid=7477
97,"Eliot, Thomas J.",https://web.archive.org/web/20121010194742/http://www.nga.gov/cgi-bin/tsearch?artistid=7477
98,"Elisofon, Eliot",https://web.archive.org/web/20121010194742/http://www.nga.gov/cgi-bin/tsearch?artistid=24634
99,"Elle I, Ferdinand",https://web.archive.org/web/20121010194742/http://www.nga.gov/cgi-bin/tsearch?artistid=4028
100,"Elle I, Louis",https://web.archive.org/web/20121010194742/http://www.nga.gov/cgi-bin/tsearch?artistid=4028
101,"Ellinger, David",https://web.archive.org/web/20121010194742/http://www.nga.gov/cgi-bin/tsearch?artistid=7478
102,"Ellinwood, John G.",https://web.archive.org/web/20121010194742/http://www.nga.gov/cgi-bin/tsearch?artistid=34332
103,"Elliot, Martha",https://web.archive.org/web/20121010194742/http://www.nga.gov/cgi-bin/tsearch?artistid=7479
104,"Elliott, Charles Loring",https://web.archive.org/web/20121010194742/http://www.nga.gov/cgi-bin/tsearch?artistid=1266
105,"Elliott, Van",https://web.archive.org/web/20121010194742/http://www.nga.gov/cgi-bin/tsearch?artistid=4029
106,"Ellis, Richard Howard",https://web.archive.org/web/20121010194742/http://www.nga.gov/cgi-bin/tsearch?artistid=18313
107,"Ellis, Salathiel",https://web.archive.org/web/20121010194742/http://www.nga.gov/cgi-bin/tsearch?artistid=27898
108,"Ellis, Sharon",https://web.archive.org/web/20121010194742/http://www.nga.gov/cgi-bin/tsearch?artistid=4031
109,"Ellis, Stephen",https://web.archive.org/web/20121010194742/http://www.nga.gov/cgi-bin/tsearch?artistid=33393
110,"Elmer, Rachael Robinson",https://web.archive.org/web/20121010194742/http://www.nga.gov/cgi-bin/tsearch?artistid=33394
111,"Elrod, Thomas J.",https://web.archive.org/web/20121010194742/http://www.nga.gov/cgi-bin/tsearch?artistid=7477
112,"Elsasser, Julius Albert",https://web.archive.org/web/20121010194742/http://www.nga.gov/cgi-bin/tsearch?artistid=24275
113,"Elsheimer, Adam",https://web.archive.org/web/20121010194742/http://www.nga.gov/cgi-bin/tsearch?artistid=4032
114,"Elstrack, Renold",https://web.archive.org/web/20121010194742/http://www.nga.gov/cgi-bin/tsearch?artistid=6143
115,"Elven, Pierre Henri Theodore Tetar van",https://web.archive.org/web/20121010194742/http://www.nga.gov/cgi-bin/tsearch?artistid=3868
116,"Elvis, Roberta",https://web.archive.org/web/20121010194747/http://www.nga.gov/cgi-bin/tsearch?artistid=7480
117,"Elwell, Chip",https://web.archive.org/web/20121010194747/http://www.nga.gov/cgi-bin/tsearch?artistid=29522
118,"Emanuel, Hedwig",https://web.archive.org/web/20121010194747/http://www.nga.gov/cgi-bin/tsearch?artistid=7481
119,"Emanuel, Herzl",https://web.archive.org/web/20121010194747/http://www.nga.gov/cgi-bin/tsearch?artistid=33395
120,"Emaus de Micault, Gerhardus",https://web.archive.org/web/20121010194747/http://www.nga.gov/cgi-bin/tsearch?artistid=4033
121,"Emerson, Peter Henry",https://web.archive.org/web/20121010194747/http://www.nga.gov/cgi-bin/tsearch?artistid=6750
122,Emilian 16th Century,https://web.archive.org/web/20121010194747/http://www.nga.gov/cgi-bin/tsearch?artistid=8314
123,"Emmet, Lydia Field",https://web.archive.org/web/20121010194747/http://www.nga.gov/cgi-bin/tsearch?artistid=1267
124,"Empoli, Jacopo da",https://web.archive.org/web/20121010194747/http://www.nga.gov/cgi-bin/tsearch?artistid=5667
125,"Enden, Martin van den I",https://web.archive.org/web/20121010194747/http://www.nga.gov/cgi-bin/tsearch?artistid=33081
126,"Enderle, Johann Baptist",https://web.archive.org/web/20121010194747/http://www.nga.gov/cgi-bin/tsearch?artistid=31154
127,"Endner, Gustave Georg",https://web.archive.org/web/20121010194747/http://www.nga.gov/cgi-bin/tsearch?artistid=19642
128,"Endo, Chuck",https://web.archive.org/web/20121010194747/http://www.nga.gov/cgi-bin/tsearch?artistid=20127
129,"Engard, Robert Oliver",https://web.archive.org/web/20121010194747/http://www.nga.gov/cgi-bin/tsearch?artistid=33396
130,"Engel, Edward F.",https://web.archive.org/web/20121010194747/http://www.nga.gov/cgi-bin/tsearch?artistid=7482
131,"Engel, Harry",https://web.archive.org/web/20121010194747/http://www.nga.gov/cgi-bin/tsearch?artistid=33397
132,"Engel, Jules",https://web.archive.org/web/20121010194747/http://www.nga.gov/cgi-bin/tsearch?artistid=4034
133,"Engelbrecht, Christian",https://web.archive.org/web/20121010194747/http://www.nga.gov/cgi-bin/tsearch?artistid=14763
134,"Engelbrecht, Martin",https://web.archive.org/web/20121010194747/http://www.nga.gov/cgi-bin/tsearch?artistid=12089
135,"Engelke, Gerda",https://web.archive.org/web/20121010194747/http://www.nga.gov/cgi-bin/tsearch?artistid=4035
136,"Engelmann, Gottfried",https://web.archive.org/web/20121010194747/http://www.nga.gov/cgi-bin/tsearch?artistid=4036
137,"Engelmann I, Godefroy",https://web.archive.org/web/20121010194747/http://www.nga.gov/cgi-bin/tsearch?artistid=4036
138,"English, Josiah",https://web.archive.org/web/20121010194747/http://www.nga.gov/cgi-bin/tsearch?artistid=6210
139,English 12th Century,https://web.archive.org/web/20121010194747/http://www.nga.gov/cgi-bin/tsearch?artistid=4684
140,English 13th Century,https://web.archive.org/web/20121010194747/http://www.nga.gov/cgi-bin/tsearch?artistid=5482
141,English 14th Century,https://web.archive.org/web/20121010194747/http://www.nga.gov/cgi-bin/tsearch?artistid=2094
142,English 15th Century,https://web.archive.org/web/20121010194747/http://www.nga.gov/cgi-bin/tsearch?artistid=2095
143,"Engstrom, Albert",https://web.archive.org/web/20121010194747/http://www.nga.gov/cgi-bin/tsearch?artistid=4037
144,"Enjoian, Charles",https://web.archive.org/web/20121010194747/http://www.nga.gov/cgi-bin/tsearch?artistid=7483
145,"Enokido, Shoe",https://web.archive.org/web/20121010194715/http://www.nga.gov/cgi-bin/tsearch?artistid=4038
146,"Ensor, James",https://web.archive.org/web/20121010194715/http://www.nga.gov/cgi-bin/tsearch?artistid=4039
147,"Ensor, James baron",https://web.archive.org/web/20121010194715/http://www.nga.gov/cgi-bin/tsearch?artistid=4039
148,"Ensrud, Wayne",https://web.archive.org/web/20121010194715/http://www.nga.gov/cgi-bin/tsearch?artistid=33398
149,"Enzenberger, Johan Baptist",https://web.archive.org/web/20121010194715/http://www.nga.gov/cgi-bin/tsearch?artistid=31156
150,"Enzola, Gianfrancesco",https://web.archive.org/web/20121010194715/http://www.nga.gov/cgi-bin/tsearch?artistid=2096
151,"Episcopius, Johannes",https://web.archive.org/web/20121010194715/http://www.nga.gov/cgi-bin/tsearch?artistid=2381
152,"Eppler, Ira",https://web.archive.org/web/20121010194715/http://www.nga.gov/cgi-bin/tsearch?artistid=34655
153,"Epps, Laura Theresa",https://web.archive.org/web/20121010194715/http://www.nga.gov/cgi-bin/tsearch?artistid=5862
154,"Epstein, Jacob, Sir",https://web.archive.org/web/20121010194715/http://www.nga.gov/cgi-bin/tsearch?artistid=2098
155,"Epstein, Yale",https://web.archive.org/web/20121010194715/http://www.nga.gov/cgi-bin/tsearch?artistid=33399
156,"Erasmus, Desiderius",https://web.archive.org/web/20121010194715/http://www.nga.gov/cgi-bin/tsearch?artistid=7000
157,"Erazim, Milan",https://web.archive.org/web/20121010194715/http://www.nga.gov/cgi-bin/tsearch?artistid=24854
158,Ercole da Ferrara,https://web.archive.org/web/20121010194715/http://www.nga.gov/cgi-bin/tsearch?artistid=1833
159,"Erganian, Sarkis",https://web.archive.org/web/20121010194715/http://www.nga.gov/cgi-bin/tsearch?artistid=7484
160,"Erhard, Johann Christoph",https://web.archive.org/web/20121010194715/http://www.nga.gov/cgi-bin/tsearch?artistid=21131
161,"Erhardt, Hans",https://web.archive.org/web/20121010194715/http://www.nga.gov/cgi-bin/tsearch?artistid=25829
162,"Erickson, Charlotte",https://web.archive.org/web/20121010194715/http://www.nga.gov/cgi-bin/tsearch?artistid=2491
163,"Erickson, Chris",https://web.archive.org/web/20121010194715/http://www.nga.gov/cgi-bin/tsearch?artistid=20086
164,"Ermels, Johann Franciscus",https://web.archive.org/web/20121010194715/http://www.nga.gov/cgi-bin/tsearch?artistid=36982
165,"Ermolaev, Boris Nicolaevich",https://web.archive.org/web/20121010194715/http://www.nga.gov/cgi-bin/tsearch?artistid=4040
166,"Erni, Hans",https://web.archive.org/web/20121010194715/http://www.nga.gov/cgi-bin/tsearch?artistid=4041
167,"Ernst, Max",https://web.archive.org/web/20121010194715/http://www.nga.gov/cgi-bin/tsearch?artistid=2097
168,"Ernst, Max, Mrs.",https://web.archive.org/web/20121010194715/http://www.nga.gov/cgi-bin/tsearch?artistid=23752
169,"Errard, Jean",https://web.archive.org/web/20121010194715/http://www.nga.gov/cgi-bin/tsearch?artistid=11415
170,"Erri, Agnolo degli",https://web.archive.org/web/20121010194715/http://www.nga.gov/cgi-bin/tsearch?artistid=1268
171,Erro (pseud.),https://web.archive.org/web/20121010194715/http://www.nga.gov/cgi-bin/tsearch?artistid=4266
172,"Ertinger, Franz",https://web.archive.org/web/20121010194715/http://www.nga.gov/cgi-bin/tsearch?artistid=20137
173,"Erwitt, Elliott",https://web.archive.org/web/20121010194715/http://www.nga.gov/cgi-bin/tsearch?artistid=13484
174,"Escher, George",https://web.archive.org/web/20121010194754/http://www.nga.gov/cgi-bin/tsearch?artistid=7104
175,"Escher, J.G.",https://web.archive.org/web/20121010194754/http://www.nga.gov/cgi-bin/tsearch?artistid=7104
176,"Escher, Károly",https://web.archive.org/web/20121010194754/http://www.nga.gov/cgi-bin/tsearch?artistid=26573
177,"Escher, Maurits Cornelis",https://web.archive.org/web/20121010194754/http://www.nga.gov/cgi-bin/tsearch?artistid=2492
178,"Escher, M.C.",https://web.archive.org/web/20121010194754/http://www.nga.gov/cgi-bin/tsearch?artistid=2492
179,"Escobar, Marisol",https://web.archive.org/web/20121010194754/http://www.nga.gov/cgi-bin/tsearch?artistid=4821
180,"Esherick, Wharton",https://web.archive.org/web/20121010194754/http://www.nga.gov/cgi-bin/tsearch?artistid=33400
181,"Eskrich, Pierre",https://web.archive.org/web/20121010194754/http://www.nga.gov/cgi-bin/tsearch?artistid=6445
182,"Espagnat, Georges d'",https://web.archive.org/web/20121010194754/http://www.nga.gov/cgi-bin/tsearch?artistid=21931
183,"Espensheid, Steve",https://web.archive.org/web/20121010194754/http://www.nga.gov/cgi-bin/tsearch?artistid=17625
184,"Espenshied, Steve",https://web.archive.org/web/20121010194754/http://www.nga.gov/cgi-bin/tsearch?artistid=17651
185,"Esselens, Jacob",https://web.archive.org/web/20121010194754/http://www.nga.gov/cgi-bin/tsearch?artistid=5996
186,"Este, Baldassare d'",https://web.archive.org/web/20121010194754/http://www.nga.gov/cgi-bin/tsearch?artistid=2099
187,"Estes, Richard",https://web.archive.org/web/20121010194754/http://www.nga.gov/cgi-bin/tsearch?artistid=4042
188,"Estève, Maurice",https://web.archive.org/web/20121010194754/http://www.nga.gov/cgi-bin/tsearch?artistid=36414
189,"Estienne, Henri",https://web.archive.org/web/20121010194754/http://www.nga.gov/cgi-bin/tsearch?artistid=7097
190,Ethiopian 18th/20th Century,https://web.archive.org/web/20121010194754/http://www.nga.gov/cgi-bin/tsearch?artistid=2100
191,Etienne,https://web.archive.org/web/20121010194754/http://www.nga.gov/cgi-bin/tsearch?artistid=4043
192,Etruscan 4th/2nd Century B.C.,https://web.archive.org/web/20121010194754/http://www.nga.gov/cgi-bin/tsearch?artistid=27756
193,"Etting, Emien",https://web.archive.org/web/20121010194754/http://www.nga.gov/cgi-bin/tsearch?artistid=34922
194,"Ettinger, Churchill",https://web.archive.org/web/20121010194754/http://www.nga.gov/cgi-bin/tsearch?artistid=33401
195,"Etty, William",https://web.archive.org/web/20121010194754/http://www.nga.gov/cgi-bin/tsearch?artistid=5877
196,"Etzlaub, Erhard",https://web.archive.org/web/20121010194754/http://www.nga.gov/cgi-bin/tsearch?artistid=4044
197,"Eubank, Ann Belle N.",https://web.archive.org/web/20121010194754/http://www.nga.gov/cgi-bin/tsearch?artistid=7485
198,"Euffa, Ray",https://web.archive.org/web/20121010194754/http://www.nga.gov/cgi-bin/tsearch?artistid=33402
199,"Eugene, Frank",https://web.archive.org/web/20121010194754/http://www.nga.gov/cgi-bin/tsearch?artistid=27232
200,European 17th Century,https://web.archive.org/web/20121010194754/http://www.nga.gov/cgi-bin/tsearch?artistid=10782
201,European 18th Century,https://web.archive.org/web/20121010194754/http://www.nga.gov/cgi-bin/tsearch?artistid=6890
202,European 19th Century,https://web.archive.org/web/20121010194754/http://www.nga.gov/cgi-bin/tsearch?artistid=10609
203,"Evans, Edmund",https://web.archive.org/web/20121010194758/http://www.nga.gov/cgi-bin/tsearch?artistid=4045
204,"Evans, Frederick H.",https://web.archive.org/web/20121010194758/http://www.nga.gov/cgi-bin/tsearch?artistid=13534
205,"Evans, George",https://web.archive.org/web/20121010194758/http://www.nga.gov/cgi-bin/tsearch?artistid=21031
206,"Evans, J.",https://web.archive.org/web/20121010194758/http://www.nga.gov/cgi-bin/tsearch?artistid=2493
207,"Evans, Rob",https://web.archive.org/web/20121010194758/http://www.nga.gov/cgi-bin/tsearch?artistid=29894
208,"Evans, Walker",https://web.archive.org/web/20121010194758/http://www.nga.gov/cgi-bin/tsearch?artistid=6608
209,"Evenepoel, Henri Jacques Edouard",https://web.archive.org/web/20121010194758/http://www.nga.gov/cgi-bin/tsearch?artistid=9793
210,"Everdingen, Allart van",https://web.archive.org/web/20121010194758/http://www.nga.gov/cgi-bin/tsearch?artistid=2494
211,"Evergood, Philip",https://web.archive.org/web/20121010194758/http://www.nga.gov/cgi-bin/tsearch?artistid=25870
212,"Eversen, Adrianus",https://web.archive.org/web/20121010194758/http://www.nga.gov/cgi-bin/tsearch?artistid=1269
213,"Everson, William",https://web.archive.org/web/20121010194758/http://www.nga.gov/cgi-bin/tsearch?artistid=26125
214,"Everts, Connor",https://web.archive.org/web/20121010194758/http://www.nga.gov/cgi-bin/tsearch?artistid=4046
215,"Ewing, Burton",https://web.archive.org/web/20121010194758/http://www.nga.gov/cgi-bin/tsearch?artistid=7486
216,"Ewing, Louie H.",https://web.archive.org/web/20121010194758/http://www.nga.gov/cgi-bin/tsearch?artistid=11417
217,"Ewing, Louis H.",https://web.archive.org/web/20121010194758/http://www.nga.gov/cgi-bin/tsearch?artistid=33403
218,"Export, Valie",https://web.archive.org/web/20121010194758/http://www.nga.gov/cgi-bin/tsearch?artistid=31187
219,"Eyck, Barthélemy van",https://web.archive.org/web/20121010194758/http://www.nga.gov/cgi-bin/tsearch?artistid=15577
220,"Eyck, Jan van",https://web.archive.org/web/20121010194758/http://www.nga.gov/cgi-bin/tsearch?artistid=1270
221,"Eyth, Albert",https://web.archive.org/web/20121010194758/http://www.nga.gov/cgi-bin/tsearch?artistid=7488
